index,question,status,answer,verdict,reason
1,根据RPN数值，目前风险最高、最需优先处理的失效模式是什么？其RPN值是多少？,200,目前风险最高、最需优先处理的失效模式是“电池组过放未报警和未保护”，其RPN值为240。,正确,RPN值和失效模式信息准确
2,RPN排名前五的失效模式分别是什么？它们分别属于哪个设计项目？,200,RPN排名前五的失效模式及其对应的RPN值如下： 1. 电池组过放未报警和未保护 - RPN为240 2. 输出不受控制 - RPN为180 3. 巡航里程低于额定值 - RPN为168 上下文中没有提到这些失效模式具体属于哪个设计项目。,错误,未提供设计项目信息
3,列出所有RPN值超过200的失效模式。,200,失效模式：电池组过放未报警和未保护，RPN值：240。,错误,缺少RPN值超过200的失效模式
4,列出所有RPN值低于50的失效模式，它们有何共同特点？,200,RPN值低于50的失效模式有：过电流和注塑件起火。它们的共同特点是都涉及到过流保护，以及注塑件的更换和阻燃、绝缘试验。,错误,信息不准确，RPN值低于50的失效模式错误
5,哪个设计项目（子系统）的平均RPN值最高？,200,电池管理系统的平均RPN值为136.8。,错误,未提供具体平均RPN值
6,严重度(S)为10分的失效后果有哪些？其对应的失效模式分别是什么？,200,严重度(S)为10分的失效后果是“安全事故”。其对应的失效模式有： 1. 连接片过热 2. 漏电 3. 电池组过充未报警和未保护,错误,失效模式不全，遗漏了漏电
7,严重度(S)为9分的失效模式有哪些？它们的RPN值分布如何？,200,严重度(S)为9分的失效模式有以下几种： 1. 充电时触电，RPN值为90。 2. 电池漏液，RPN值为108。 3. 过电流，RPN值为18。 它们的RPN值分布分别为90、108和18。,错误,RPN值不准确，过电流的RPN值错误
8,频度数(O)最高的失效模式有哪些？它们的后果严重吗？,200,频度数(O)最高的失效模式有以下几种： 1. **SOC异常** - 频度数为6，后果严重性未提供具体说明。 2. **数据采样干扰性大和采样不准确** - 频度数为6，后果严重程度为6。 3. **电池间温度一致性差** - 频度数为5，后果严重性未明确说明。 其中，只有“数据采样干扰性大和采样不准确”的后果严重程度被明确为6，其余两种失效模式的后果严重性没有具体说明。,错误,频度数最高的失效模式信息不全
9,探测度(D)最高的失效模式有哪些？这说明了现有探测手段的什么短板？,200,探测度(D)最高的失效模式有“噪音过大”（探测度为8）、“电池间温度一致性差”（探测度为7）和“电池组整体温度过低”（探测度为7）。这说明现有探测手段在识别和处理噪音问题、检测电池间温度一致性以及识别电池组温度过低的失效模式方面存在短板。,正确,探测度信息准确
10,哪个设计项目的失效模式平均严重度(S)最高？,200,设计项目的失效模式平均严重度(S)为10.0。,错误,未提供具体设计项目信息
11,哪个设计项目的失效模式平均频度(O)最高？,200,设计项目的失效模式平均频度为6.0。,错误,未提供具体设计项目信息
12,哪个设计项目的失效模式平均探测度(D)最高？,200,"设计项目的失效模式平均探测度(D)最高的是项目ID为""5e0a0b38f4f80557d9abd4bbcccb27d4""，其平均探测度为8.0。",错误,未提供具体设计项目信息
13,比较“电池管理系统”和“高压箱”，哪个子系统的失效模式平均RPN更高？,200,高压箱的平均RPN为103.0，而电池管理系统的平均RPN信息未提供，因此无法进行比较。,错误,未提供电池管理系统的平均RPN
14,比较“电池组箱体”和“热管理系统”，哪个子系统的风险更集中在高严重度上？,200,电池组箱体的平均严重度为7.67，表明其风险集中在高严重度上。而热管理系统的平均严重度为5.5，因此电池组箱体的风险更集中在高严重度上。,正确,信息准确，比较合理
15,哪些失效模式同时具有高严重度(S)和较高频度(O)？,200,同时具有高严重度(S)和较高频度(O)的失效模式有： 1. 高压带电 - 严重度(S)：10 - 频度(O)：2 2. 漏电 - 严重度(S)：10 - 频度(O)：2 这两个失效模式的严重度都很高，且频度也相对较高。,错误,信息不全，漏电未提及
16,哪些失效模式虽然严重度(S)高，但RPN值却相对较低？其主要原因是频度(O)低还是探测度(D)低？,200,失效模式“巡航里程低于额定值”和“电池组整体温度过低”虽然严重度高，但RPN值相对较低。 对于“巡航里程低于额定值”，其严重度(S)为7，RPN值为168，频度(O)为4，探测度(D)为6，因此RPN值相对较低主要是由于频度(O)较低。 对于“电池组整体温度过低”，其严重度(S)为6，RPN值为168，频度(O)为4，探测度(D)为7，RPN值相对较低的原因主要也是频度(O)较低。 总结来说，这两个失效模式的RPN值相对较低主要是由于频度(O)低。,正确,分析合理，信息准确
17,是否存在频度(O)高但探测度(D)低，从而使风险得到有效控制的案例？请举例。,200,不存在频度(O)高但探测度(D)低的案例能够使风险得到有效控制的情况。相反，频度高但探测度低的案例通常意味着风险未能有效控制。例如，高压箱的故障模式“高压带电”虽然频度为2，但探测度为6，风险未能得到有效控制。,错误,信息不准确，存在案例
18,在所有失效模式中，频度(O)的分布呈现出什么特点？哪些分数段最集中？,200,在所有失效模式中，频度(O)的分布主要集中在较低的分数段。具体来说，有分数为2、3、4和5的失效模式，其中频度为2的分数属于较低的分数段，而频度为5的分数则表明发生频率较高。由于信息中只提到单个失效模式的频度，无法全面分析整体分布特点或其他分数段的集中情况。,错误,未提供全面分析，信息不全
19,探测度(D)的评分集中在哪个区间？这反映出当前探测性控制的普遍有效性如何？,200,探测度(D)的评分集中在3到7的区间。这反映出当前探测性控制的有效性从中等水平到较高水平不等，整体上普遍有效性较高。,正确,探测度信息准确
20,从RPN公式的三个维度看，哪个维度是当前降低整体风险的最有效突破口？,200,当前降低整体风险的最有效突破口是发生性O，值为5。,错误,O值不准确，未提供有效突破口
21,导致“安全事故”这一最高级别后果的失效模式总共有多少项？,200,导致“安全事故”这一最高级别后果的失效模式总共有11项。,错误,只有8项失效模式导致安全事故
22,后果为“影响用户使用”的失效模式主要集中在哪些设计项目？,200,后果为“影响用户使用”的失效模式主要集中在动力电池设计项目和电池管理系统设计项目。,正确,符合CSV中信息
23,哪些失效模式的后果描述中同时包含了“影响使用”和潜在的安全风险？,200,在给定的信息中，没有任何失效模式的后果描述同时包含“影响使用”和潜在的安全风险。,正确,符合CSV中信息
24,“电池管理系统”项目下，除了“过充/过放未保护”外，还有哪些关键失效模式？,200,在“电池管理系统”项目下，除了“过充/过放未保护”外，还有以下关键失效模式： 1. 电池组过放未报警和未保护 - 影响：影响电池寿命或导致永久性损坏 - 原因：BMS控制系统损坏 - 预防措施：升级BMS控制系统 - 临时措施：定期检查和更新BMS系统 2. 电池组过充未报警和未保护 - 原因：BMS控制系统损坏 - 影响：可能导致安全事故 3. SOC异常 - 原因：BMS SOC算法不合理 - 影响：影响用户使用 - 预防控制措施：更换SOC算法 - 临时/改进措施：定期检查和更新BMS系统 - 检测措施：充放电性能测试 4. 数据采样干扰性大和采样不准确 - 影响：影响用户使用 - 原因：电磁干扰、电路板虚焊或保护电阻损坏 - 预防控制措施：BMS控制系统升级 - 临时/改进措施：定期检查和更新BMS系统 - 检测措施：老化试验 5. BMS通信异常 - 影响：影响电池工作 - 原因：通信线断裂、线路连接错误和受电磁干扰 6. 单体电压过低 - 原因：单节电池容量降低或损坏 - 影响：影响用户使用 - 预防控制措施：设定标准值 - 临时/改进措施：更换电压过低的电池 - 检测措施：使用万用表测量,错误,列举失效模式不准确
25,“高压箱”项目下列举了哪些具体的失效模式？,200,“高压箱”项目下列举的具体失效模式包括：充电时触电、漏电和过电流。,错误,漏电、过电流未列出
26,“热管理系统”的失效模式主要会导致哪两类问题？,200,“热管理系统”的失效模式主要会导致以下两类问题：1) 噪音过大，2) 影响乘车环境。,错误,未提及影响乘车环境
27,“电池组箱体”和“电池壳体”的失效模式在后果上有何异同？,200,电池组箱体和电池壳体的失效模式在后果上存在明显的异同。电池壳体的失效后果主要是电池容量降低，主要原因是电池壳体密封不严。而电池组箱体的失效后果则涉及安全风险，包括安全事故、电子器件失效或损坏等，失效原因同样是密封不严，但还可能因电池组间隙大、受到挤压、碰撞和震动等因素导致。 总结来说，电池壳体的失效后果主要影响电池的性能（容量降低），而电池组箱体的失效后果则更侧重于安全性和设备的完整性（可能导致安全事故和电子器件损坏）。,正确,符合CSV中信息
28,“绝缘注塑件”的设计缺陷主要会引发何种严重后果？,200,“绝缘注塑件”的设计缺陷主要会引发安全事故，可能导致电池箱体进水，从而引发电池短路、电子器件失效或损坏，以及箱体生锈。此外，这些缺陷还会影响电池组的散热。,错误,描述不准确，未提及主要后果
29,“单体电压过低”和“巡航里程低于额定值”这两个失效模式的根本原因有何关联？,200,“单体电压过低”和“巡航里程低于额定值”这两个失效模式的根本原因关联在于，单体电压过低会直接影响电池的输出能力，进而导致电池组整体性能下降，从而影响巡航里程。此外，电池管理系统（BMS）的通信异常、电磁干扰、线路问题等因素也可能导致对电池状态的错误监测，进一步影响单体电压的准确判断，最终导致巡航里程低于额定值。总的来说，单体电压过低是影响巡航里程的一个重要因素。,正确,符合CSV中信息
30,“电池组整体温度过高”和“电池间温度一致性差”的失效原因有何不同？,200,“电池组整体温度过高”的失效原因主要与风道设计不合理和通风方式不合理有关。而“电池间温度一致性差”的失效原因则可能与其他因素相关，具体未提及。这表明两者的失效原因不同，前者更侧重于设计和通风问题，后者则可能涉及其他未明确的因素。,正确,符合CSV中信息
31,“连接片过热”的具体失效原因有哪些？,200,连接片过热的具体失效原因包括：连接片氧化、未压紧的防松螺母导致连接电阻增加、截面积小或材质不纯。,正确,符合CSV中信息
32,文档中提及的“BMS通信异常”可能由哪些原因导致？,200,文档中提及的“BMS通信异常”可能由以下原因导致：通信线断裂、线路连接错误、受电磁干扰。,正确,符合CSV中信息
33,哪些失效原因明确指向了“设计缺陷”？,200,明确指向“设计缺陷”的失效原因包括： 1. 焊接缺陷 2. 封合胶量不足造成密封性能不好 3. 电磁干扰 4. 电路板虚焊或保护电阻损坏 5. 绝缘注塑件不阻燃 6. 连接片氧化 7. 未压紧防松螺母连接电阻增加 8. 截面积小或材质不纯 9. 风道设计不合理,错误,部分原因不明确指向设计缺陷
34,哪些失效原因与“制造工艺”或“装配问题”相关？,200,与“制造工艺”或“装配问题”相关的失效原因包括： 1. 焊接缺陷 2. 封合胶量不足造成密封性能不好 3. 安装不规范造成密封结构破坏 4. 连接片氧化 5. 未压紧防松螺母连接电阻增加 6. 未明确区分正负极 7. 主电缆未连接、连接错误或器件损坏,正确,符合CSV中信息
35,哪些失效原因属于“外部环境因素”？,200,属于“外部环境因素”的失效原因有：环境温度过高、通风方式不合理和电磁干扰。,错误,通风方式不合理不属于外部因素
36,哪些失效原因涉及“用户操作不当”或“外部干扰”？,200,失效原因涉及“用户操作不当”或“外部干扰”的有：负载未断开、违规操作，以及电磁干扰。,正确,符合CSV中信息
37,“密封不严”这一原因出现在哪些不同的失效模式中？,200,“密封不严”这一原因出现在电池漏液的失效模式中。具体原因包括外力损伤、碰撞、安装不规范造成密封结构破坏，以及制造原因如焊接缺陷和封合胶量不足导致密封性能不好。,错误,未提及所有相关失效模式
38,“电磁干扰”影响了哪个系统的正常工作？,200,“电磁干扰”影响了电池管理系统（BMS）和热管理系统的正常工作。,正确,符合CSV中信息
39,导致“输出不受控制”的直接原因是什么？,200,导致“输出不受控制”的直接原因是元器件损坏。,正确,符合CSV中信息
40,“电池组开路”的可能原因有哪些？,200,“电池组开路”的可能原因包括： 1. 未明确区分正负极。 2. 主电缆未连接、连接错误或器件损坏。 3. 通信线断裂、线路连接错误和受电磁干扰。 4. BMS控制系统损坏。 5. 电池箱体密封不严，导致进水，进水可能引发电池短路、电子器件失效或损坏，以及箱体生锈。,错误,包含不相关原因
41,“风扇固定不牢靠”会导致什么后果？,200,“风扇固定不牢靠”会导致以下后果：噪音过大，影响乘车环境；电池组整体温度过高，影响电池的正常工作；电池间温度一致性差，影响电池的正常工作；连接片过热，可能引发安全事故；输出不受控制，进而引发安全事故。,错误,混淆了多个失效后果
42,“环境温度过高”是哪个失效模式的主要原因？,200,“环境温度过高”是“热管理系统失效模式”、“电池组整体温度过高”、“电池间温度一致性差”和“连接片过热”的主要原因。,错误,不准确，环境温度过高不是主要原因
43,哪些失效是由于“无有效保护措施”导致的？,200,以下失效是由于“无有效保护措施”导致的： 1. 高压带电，可能引发安全事故。 2. 高压箱的漏电，失效模式为漏电，失效效果为安全事故，RPN为120。 3. 电池箱体进水，导致电池短路、电子器件失效或损坏、箱体生锈，失效原因是电池箱体密封不严。 4. 绝缘注塑件起火，原因是绝缘注塑件不阻燃。,错误,包含不相关失效模式
44,“软件算法不合理”具体指哪个失效模式？,200,“软件算法不合理”具体指的是电池管理系统中的SOC异常失效模式，以及“数据采样干扰性大和采样不准确”这一失效模式。,错误,不准确，未提及具体失效模式
45,“元器件损坏”被列为哪些失效模式的原因？,200,“元器件损坏”被列为以下失效模式的原因： 1. 输出不受控制 2. 连接片过热 3. 电池漏液 4. 噪音过大 5. 单体电压过低,错误,包含不相关失效模式
46,分析“通风方式不合理”与“电池间温度一致性差”之间的因果关系。,200,“通风方式不合理”与“电池间温度一致性差”之间存在一定的因果关系。通风方式的不合理会导致散热效果不佳，从而影响电池的工作，造成温度分布不均。这种不均匀的温度分布会进一步加剧电池间的温度一致性差。此外，通风不合理可能导致整体温度升高，影响电池的正常工作。因此，可以认为通风方式的不合理设计是导致电池间温度一致性差的一个重要因素。,正确,因果关系描述准确
47,哪些失效模式是由单一原因引起的？哪些是多种原因共同作用的结果？,200,由单一原因引起的失效模式包括： 1. 电池间温度一致性差（通风方式不合理） 2. 注塑件起火（绝缘注塑件不阻燃） 3. 输出不受控制（元器件损坏） 4. 单体电压过低（单节电池容量降低或损坏） 5. 电池组整体温度过高（风道设计不合理） 由多种原因共同作用的失效模式是： 1. 现场电池组无输出电压（电池组开路、未明确区分正负极、主电缆未连接、连接错误或器件损坏）,错误,不完整，未列出所有失效模式
48,对比“电池漏液”的两个失效原因（电池组箱体项目和电池壳体项目），它们有何区别？,200,电池漏液的两个失效原因在电池组箱体项目和电池壳体项目中存在以下区别： 1. **电池组箱体项目**： - 失效原因主要是电池箱体密封不严，导致进水、灰尘进入，进而引发电池短路、电子器件失效或损坏，以及箱体生锈。 - 失效模式与密封性和外部环境因素（如灰尘和水）相关。 2. **电池壳体项目**： - 失效原因包括外力损伤、碰撞、安装不规范造成的密封结构破坏，以及制造缺陷（如焊接缺陷、封合胶量不足）。 - 失效模式更侧重于外部因素和制造缺陷，主要与电池壳体的密封性和结构完整性有关。 总体来说，电池组箱体项目的失效主要与密封性和外部环境因素相关，而电池壳体项目的失效原因则涉及外力和制造缺陷。,正确,区别描述准确
49,在“热管理系统”中，“加热系统未工作”和“风道设计不合理”分别导致什么不同后果？,200,在“热管理系统”中，“加热系统未工作”导致电池组整体温度过低，影响电池工作；而“风道设计不合理”则导致电池组整体温度过高，同样影响电池工作。具体的后果信息未提供，因此无法详细说明这两个问题的不同后果。,错误,未提供具体后果信息
50,从系统角度，描述一个由“电池箱体进水”可能引发的连锁失效场景。,200,电池箱体进水可能引发的连锁失效场景包括以下几个方面： 1. **失效模式**：电池箱体进水，导致内部环境潮湿。 2. **失效效果**：水分进入后，可能引发电池短路，导致电池无法正常工作。此外，电子器件可能因潮湿而失效或损坏，长期积水还会导致箱体生锈，进一步影响结构强度和密封性。 3. **防护措施**：为了防止进水，可以提高电池箱体的防护等级，并在现场进行防水处理，确保箱体的密封性。 4. **检测措施**：定期进行绝缘检测，以确保电池系统的安全性，及时发现潜在的进水问题。 综上所述，电池箱体进水不仅会直接影响电池和电子器件的功能，还可能导致系统整体的安全性和可靠性下降。,正确,连锁失效场景描述准确
51,文档中提到的“现行预防性设计控制”主要有哪些类型？（如：设定标准、提高防护等级等）,200,文档中提到的“现行预防性设计控制”主要包括“提高防护等级”和“用颜色和材料区分”来实现。没有提到其他类型。,错误,未提及所有类型
52,文档中提到的“现行探测性设计控制”主要有哪些类型？（如：测试、检查、测量等）,200,文档中提到的“现行探测性设计控制”主要包括“测量”，具体为“万用表测量”，以及“单体震动挤压试验”。,错误,未提及所有类型
53,在所有探测性控制中，“充放电性能测试”被用于探测哪些失效模式？,200,“充放电性能测试”被用于探测以下失效模式： 1. 巡航里程低于额定值 2. 电池组过放未报警和未保护 3. SOC异常 4. 电池组过充未报警和未保护,正确,列出所有相关失效模式
54,“绝缘检测”主要应用于哪些设计项目？,200,“绝缘检测”主要应用于以下设计项目： 1. 绝缘注塑件的设计项目。 2. 热管理系统的设计项目。 3. 电池组箱体的设计项目，特别是在防止进水和进灰尘导致的电子器件失效或损坏的情况下。 4. 高压箱的设计项目，以防止漏电和高压带电导致的安全事故。,错误,未提及所有应用项目
55,“设定标准值”这一预防措施主要防止哪些失效？,200,“设定标准值”这一预防措施主要防止的失效是“单体电压过低”和“巡航里程低于额定值”。,正确,防止失效描述准确
56,“提高防护等级”（如IP等级）是针对哪些外部威胁的主要手段？,200,提高防护等级（如IP等级）主要是针对以下外部威胁的手段：风扇固定不牢靠或功率过高、通信线断裂、线路连接错误、受电磁干扰，以及绝缘注塑件不阻燃的问题。,错误,混淆了多个问题
57,“老化试验”的目的是什么？它针对哪种失效机理？,200,“老化试验”的目的是检测电池管理系统（BMS）在使用过程中的性能和可靠性，主要针对数据采样干扰性大和采样不准确的失效机理。此外，它还评估连接片的耐久性和可靠性，以防止因连接片过热导致的安全事故，主要针对连接片氧化和未压紧防松螺母导致的连接电阻增加等失效机理。老化试验还用于检测BMS中SOC（状态的充电）算法的不合理性，预防SOC异常对用户使用的影响，主要针对SOC异常这一失效机理。同时，它也评估元器件的可靠性和寿命，主要针对元器件损坏的失效机理，以及评估电池在使用过程中的性能变化，特别是针对电池壳体密封不严导致的电解液挥发失效机理。,正确,目的和针对性描述准确
58,“整体震动挤压试验”验证的是哪个部件的什么性能？,200,“整体震动挤压试验”验证的是电池壳体的密封性能和电池组箱体的抗震性能。,正确,验证内容描述准确
59,“万用表测量”作为一种探测手段，其应用场景是什么？,200,“万用表测量”作为探测手段的应用场景是检测“单体电压过低”的故障模式。,正确,应用场景描述准确
60,针对“过电流”风险，采取了什么具体的保护措施？,200,针对“过电流”风险，采取的具体保护措施包括过流保护、提高防护等级、现场做防护处理，以及BMS控制系统的升级和定期检查与更新。,错误,包含不相关措施
61,对于“电池管理系统”的失效，主要依赖何种控制手段（预防还是探测）？,200,对于“电池管理系统”的失效，主要依赖的控制手段是预防。,错误,未提及探测性控制措施
62,哪些失效模式同时配备了预防性和探测性控制措施？,200,失效模式“单体电压过低”、“巡航里程低于额定值”和“电池箱体进水”都同时配备了预防性和探测性控制措施。,错误,仅“电池箱体进水”有探测性控制
63,哪些失效模式只有预防性控制而没有探测性控制？,200,失效模式“充电时触电”和“高压带电”只有预防性控制而没有探测性控制。,正确,符合CSV信息
64,哪些失效模式只有探测性控制而没有预防性控制？这合理吗？,200,只有探测性控制而没有预防性控制的失效模式包括“电池漏液”、“连接片过热”和“过电流”。这种情况可能不太合理，因为缺乏预防性控制可能会导致这些失效模式在发生之前无法被有效阻止，从而增加风险。,正确,合理分析缺乏预防性控制
65,对于RPN最高的失效模式，其现行设计控制措施是什么？从评分看，这些措施是否有效？,200,现行设计控制措施是“BMS 控制系统升级”。从评分来看，这些措施的有效性需要进一步评估。,错误,未提及RPN最高的具体失效模式
66,从探测度(D)的评分推断，哪些探测性控制被认为比较有效（D值低）？,200,根据探测度(D)的评分，探测性控制被认为比较有效的有：当f.PreventControl为null时，fe.S的值为3和4的情况。,错误,未具体列出有效的探测性控制
67,从探测度(D)的评分推断，哪些探测性控制被认为效果不佳（D值高）？,200,探测度(D)的评分为7和6的探测性控制被认为效果不佳。具体来说，评分为7的探测性控制效果最差，其次是评分为6的探测性控制。,正确,符合探测度评分分析
68,“目视检查”被用于哪些场景？其局限性可能是什么？,200,“目视检查”被用于以下场景： 1. 高压箱的故障模式检测，特别是在负载连接的情况下意外开盖的场景。 2. 高压箱的漏电检测，用于识别潜在的安全事故风险。 3. 电池组箱体的绝缘检测场景。 4. 检测元器件的损坏情况。 其局限性可能包括： 1. 无法有效检测到负载未断开或违规操作等潜在风险，可能导致安全事故的发生。 2. 无法有效发现隐藏的故障或缺陷，特别是在缺乏有效保护措施的情况下。 3. 无法发现因电池箱体密封不严导致的灰尘进入，从而影响电子器件的失效或损坏及电池组散热。 4. 无法发现内部故障或微小损伤，可能导致未能及时识别潜在的安全事故风险。,错误,未提及目视检查的具体局限性
69,针对“BMS通信异常”，现行的探测性控制是什么？,200,现行的探测性控制包括定期检查和更新BMS系统。,正确,符合CSV信息
70,在防止“电池箱体进灰尘”和“进水”上，采取的预防措施有何相似之处？,200,在防止“电池箱体进灰尘”和“进水”上，采取的预防措施的相似之处在于都强调了提高防护等级，以确保箱体的安全性和有效性。这些措施主要通过加强箱体的密封性和防护设计，确保外部环境对电池组的影响降到最低，从而避免因外部因素导致的安全事故。,正确,相似之处分析合理
71,对比“预防性设计控制”和“临时采取的措施”，在思路上有何不同？,200,“预防性设计控制”侧重于在设计阶段进行系统性和长期的防护措施，强调预防和根本改进，以减少故障发生的可能性。而“临时采取的措施”则是在故障发生后进行的应急处理，主要关注快速响应和短期解决，缺乏系统性。两者的思路不同在于前者注重预防和系统设计，后者则强调应对和修复。,正确,思路分析准确
72,现有控制措施是否存在明显缺失的环节？请举例说明。,200,现有控制措施确实存在明显缺失的环节。以下是一些具体例子： 1. 在充电时，继电器未能及时断开，导致触电风险。虽然有提高防护等级的预防控制措施，但缺乏有效的检测措施，可能无法及时发现和处理潜在的安全隐患。 2. 尽管有预防控制措施（如用颜色和材料区分）和临时/改进措施（现场更换损坏器件和改正错误），但未提及对故障原因的检测措施，这可能导致无法及时发现和解决问题。 3. 以“电池间温度一致性差”为例，该问题的原因是“通风方式不合理”，而控制措施中缺乏有效的检测措施，导致无法及时发现和解决温度不一致的问题。,正确,举例说明缺失环节合理
73,对于因“用户操作不当”引起的失效，有哪些设计层面的控制措施？,200,对于因“用户操作不当”引起的失效，设计层面的控制措施包括更换SOC算法作为预防控制措施，以及定期检查和更新BMS系统。此外，还可以进行BMS控制系统升级和定期检查与更新BMS系统。为了预防因负载未断开和违规操作导致的意外开盖，可以提高防护等级。,错误,未提及具体设计控制措施
74,“定期检查和更新BMS系统”是预防措施还是探测措施？或是临时措施？,200,“定期检查和更新BMS系统”被分类为临时/改进措施和预防措施，但未明确列出其具体分类为探测措施。,错误,未明确分类为探测措施
75,分析“用颜色和材料区分”这一预防措施，是为了防止哪种具体的失效原因？,200,“用颜色和材料区分”这一预防措施是为了防止“未明确区分正负极”这一具体的失效原因。,正确,符合CSV信息
76,文档中“临时采取的措施”主要可以归纳为哪几类（如：更换、修复、升级、检查等）？,200,文档中“临时采取的措施”主要可以归纳为“更换”和“增加散热”。,错误,未提及所有临时措施类型
77,哪种类型的临时措施最为常见？,200,最常见的临时措施是定期检查和更新BMS系统。,错误,未提及具体常见临时措施
78,针对RPN最高的失效模式，其“临时采取的措施”是什么？,200,针对RPN最高的失效模式，其“临时采取的措施”是定期检查和更新BMS系统。,错误,临时措施不符合RPN最高失效模式
79,对于“现场电池组无输出电压”，临时措施是什么？这反映了什么问题？,200,临时措施是现场更换损坏器件和改正错误。这反映了电池组可能存在开路、未明确区分正负极或主电缆未连接、连接错误等问题。,正确,反映问题分析合理
80,对于“电池漏液”（电池壳体项目），临时措施是“更换电池”。这是否是根本解决方案？,200,更换电池并不是根本解决方案。,正确,符合根本解决方案分析
81,多个失效模式的临时措施都涉及“定期检查和更新BMS系统”。这暴露了BMS设计的什么特点？,200,这暴露了BMS设计对系统的可靠性和稳定性要求较高的特点。由于存在数据采样干扰性大和采样不准确的问题，以及通信系统的潜在脆弱性，因此需要通过定期检查和更新来预防和控制这些失效模式，以确保系统的正常运行和可靠性。,正确,回答准确描述了BMS设计特点
82,“现场做防水/防尘/防震处理”这类措施，是针对产品生命周期哪个阶段的？,200,“现场做防水/防尘/防震处理”这类措施是针对产品生命周期中的“电池组箱体”阶段。,错误,未明确产品生命周期阶段
83,针对“连接片过热”，临时措施是“更换连接片或压紧防松螺母”。这分别对应了失效原因中的哪一点？,200,针对“连接片过热”，临时措施“更换连接片或压紧防松螺母”对应的失效原因包括“负载未断开、违规操作”和“通风方式不合理”。,错误,失效原因理解错误
84,对于“噪音过大”，临时措施是“更换风扇”。这能解决“风扇固定不牢靠”的根本问题吗？,200,不能。更换风扇只是针对“噪音过大”的临时措施，并不能解决“风扇固定不牢靠”的根本问题。根本问题需要通过改善风扇的固定方式来解决。,正确,回答准确指出根本问题
85,哪些失效模式的临时措施是纯粹的“更换”部件？,200,失效模式的临时措施是纯粹的“更换”部件的情况包括： 1. 电解液挥发，临时措施为更换电池。 2. 高压箱的失效模式，输出不受控制，临时措施为更换损坏器件。 3. 绝缘注塑件的失效模式，临时措施为更换绝缘注塑件。 4. 风扇更换。 5. 单体电压过低，临时措施为更换电压过低的电池。,错误,遗漏部分失效模式
86,哪些临时措施属于“现场修复”或“调整”？,200,属于“现场修复”或“调整”的临时措施有：现场做防护处理、现场做防尘处理和更换电压过低电池。,错误,临时措施理解不准确
87,从临时措施看，哪些失效被认为是可以通过现场快速行动缓解的？,200,"从临时措施看，""连接片过热""和""漏电失效""被认为是可以通过现场快速行动缓解的失效。",正确,回答准确识别失效
88,哪些失效的临时措施暗示了其设计上可能存在难以根治的弱点？,200,失效的临时措施包括： 1. 现场做防护处理。 2. 更换电压过低的电池。 3. 定期检查和更新BMS系统。 4. 整体温度高导致管理目标无法实现，外部环境降温作为失效措施。 这些措施都暗示了设计上可能存在难以根治的弱点。,正确,措施确实暗示设计弱点
89,对比“预防性设计控制”和“临时采取的措施”，对于高RPN的失效，是否应该更强调前者？,200,对于高RPN的失效，确实应该更强调“预防性设计控制”，而不是仅依赖“临时采取的措施”。预防性设计控制能够设定标准值，从根本上减少失效的可能性，而临时措施往往只是应急处理，效果有限。,正确,强调预防性设计控制的必要性
90,如果要将“临时措施”转化为永久的“预防性设计控制”，可以有哪些思路？,200,可以考虑以下思路将“临时措施”转化为永久的“预防性设计控制”： 1. 加强器件的耐用性设计。 2. 优化错误检测和修正机制。 3. 实施定期维护和检查程序。 4. 增加散热。 5. 定期更换电池，以避免因电池故障导致的设备停机或性能下降。,正确,思路合理且符合要求
91,哪些失效模式会同时影响产品的“功能”和“安全”？,200,“高压带电”和“注塑件起火”这两种失效模式会同时影响产品的“功能”和“安全”。,正确,准确识别失效模式
92,“热管理系统”失效会如何加剧“电池管理系统”的失效风险？,200,热管理系统的失效会导致电池间温度一致性差、整体温度过高或过低，这些情况都会影响电池的正常工作，从而加剧电池管理系统的失效风险。例如，温度过高会使电池无法实现管理目标，而温度过低则可能导致加热系统未能正常工作。此外，热管理系统的失效还可能导致电池组过放或过充未报警和未保护，进一步增加电池的安全隐患和损坏风险。因此，热管理系统的失效直接影响电池管理系统的正常运行。,正确,回答准确描述影响关系
93,“电池组箱体”密封失效，可能对“高压箱”的绝缘性能产生什么影响？,200,“电池组箱体”密封失效可能导致“高压箱”的绝缘性能下降，从而增加充电时触电的风险，最终可能引发安全事故。,正确,回答准确指出风险
94,描述一个从“单体电压过低”开始，可能引发的连锁反应场景。,200,从“单体电压过低”开始，可能引发的连锁反应场景如下： 1. 单体电压过低（故障模式）导致单节电池的容量降低或损坏（故障原因）。 2. 由于电池性能下降，用户的设备可能无法正常工作，续航时间缩短（故障影响）。 3. 为了应对这一问题，需要采取预防控制措施，比如设定标准值，或临时/改进措施，如更换电压过低的电池。 4. 在检测过程中，可以使用万用表进行测量，以确认电池电压是否正常（检测措施）。 这一连锁反应可能导致用户的不满和设备的停用，进而影响产品的市场声誉。,正确,连锁反应描述合理
95,从整个动力电池系统看，防止“热失控”的关键控制点可能分布在哪里？（结合多个项目分析）,200,防止“热失控”的关键控制点在整个动力电池系统中主要分布在以下几个方面： 1. **电池管理系统（BMS）**：确保BMS的正常运行至关重要，避免因系统损坏导致电池组过充或过放未报警，从而引发安全事故。定期检查和升级BMS系统可以增强其对电池状态的监控和保护能力。 2. **充放电性能测试**：定期进行充放电性能测试，以及时发现潜在的故障和风险，确保电池在安全范围内运行。 3. **热管理系统**：合理设计热管理系统和风道，确保电池间的温度一致性，避免因温差导致的热失控。增加有效的散热措施和合理的通风方式，以提高散热效果，降低电池温度。 4. **老化试验**：通过老化试验检测电池性能，及时发现潜在问题，防止因老化导致的热失控。 5. **加热系统**：确保加热系统正常工作并满足设计要求，以防止电池组整体温度过低，影响电池的正常工作。 这些控制点的有效管理可以显著降低电池系统的故障风险，进而防止热失控的发生。,正确,控制点分析全面
96,在“充电”这个使用场景下，文档提到了哪些潜在失效模式？,200,在“充电”这个使用场景下，文档提到了以下潜在失效模式： 1. 单体电压过低 2. 充电时触电 3. 巡航里程低于额定值 4. 电池漏液 5. SOC异常（由于BMS SOC算法不合理，影响用户使用） 6. 高压箱在负载连接的情况下意外开盖（可能导致安全事故，失效原因包括负载未断开和违规操作）,正确,列举的失效模式准确
97,在“车辆运行”这个场景下，哪些失效模式可能被触发？,200,在“车辆运行”这个场景下，可能被触发的失效模式包括： 1. 巡航里程低于额定值。 2. 高压箱在负载连接的情况下意外开盖。 3. 现场电池组无输出电压。 4. 注塑件起火。 5. 高压箱的输出不受控制。 6. 热管理系统的噪音过大。,正确,失效模式识别准确
98,哪些失效与“密封”性能直接或间接相关？,200,与“密封”性能直接或间接相关的失效包括： 1. 电池漏液 - 失效模式：电池漏液 - 失效效果：可能导致安全事故 - 失效原因：外力损伤、碰撞导致密封结构破坏；安装不规范造成密封结构破坏；制造原因如焊接缺陷和封合胶量不足导致密封性能不好。 2. 连接片过热 - 失效原因：连接片氧化、未压紧防松螺母连接电阻增加，可能导致密封性能下降。 - 失效效果：可能与密封失效有关，导致安全事故。 3. 电池箱体进灰尘 - 失效原因：电池箱体密封不严 - 失效效果：电子器件失效或损坏、影响电池组散热 4. 电池箱体进水 - 失效原因：电池箱体密封不严 - 失效效果：电池短路、电子器件失效或损坏、箱体生锈 5. 高压箱的漏电 - 失效原因：无有效保护措施 - 失效效果：可能导致安全事故。,正确,失效与密封性能关联明确
99,哪些失效与“电气连接”的可靠性直接相关？,200,与“电气连接”的可靠性直接相关的失效包括： 1. 连接片过热 - 失效原因：连接片氧化、未压紧防松螺母导致连接电阻增加、截面积小或材质不纯。 - 失效效果：可能导致安全事故。 2. 充电时触电 - 失效原因：充电时继电器未断开。 - 失效效果：安全事故。 3. 高压带电 - 失效模式：高压箱。 - 失效原因：无有效保护措施。 - 失效效果：安全事故。 - 预防控制措施：提高防护等级，临时/改进措施为现场做防护处理，检测措施为漏电检测。 4. BMS通信异常 - 失效原因：通信线断裂和线路连接错误。 5. 高压箱的漏电 - 失效模式：漏电。 - 失效原因：无有效保护措施。 - 失效效果：可能导致安全事故。 - 预防控制措施：提高防护等级和现场做防护处理，检测措施为漏电检测。 6. 在负载连接的情况下意外开盖 - 失效原因：负载未断开和违规操作。,正确,电气连接相关失效识别准确
100,总结来看，文档中大多数“安全事故”级别的后果，其根本诱因可以最终追溯到哪几大类设计、制造或管理层面的缺陷？,200,文档中大多数“安全事故”级别的后果，其根本诱因可以最终追溯到以下几大类缺陷：风扇固定不牢靠或功率过高的设计或制造缺陷、通信线断裂、线路连接错误、受电磁干扰，以及绝缘注塑件不阻燃的设计缺陷。,正确,根本诱因总结合理
